{"cameraMode":{"drawMode":0,"name":"Shaded","section":"Shading Mode"},"sceneLighting":true,"audioPlay":false,"sceneViewState":{"m_AlwaysRefresh":false,"showFog":true,"showSkybox":true,"showFlares":true,"showImageEffects":true,"showParticleSystems":true,"showVisualEffectGraphs":true,"m_FxEnabled":true},"in2DMode":false,"pivot":{"x":-3.4060232639312746,"y":0.26568669080734255,"z":1.3990682363510132},"rotation":{"x":-0.10663385689258576,"y":0.5283187627792358,"z":-0.06708361208438873,"w":-0.839695394039154},"size":2.0590171813964845,"orthographic":false}